-- Active: 1678706437666@@127.0.0.1@3306@imdb
CREATE DATABASE imdb;

USE imdb;

CREATE TABLE `Artiste`(
  id INT NOT NULL PRIMARY KEY AUTO_INCREMENT, 
  nom VARCHAR(255) NOT NULL, 
  prenom VARCHAR(255) NOT NULL, 
  annee_naissance DATE
);

CREATE TABLE `Film` (
  id INT NOT NULL PRIMARY KEY AUTO_INCREMENT, 
  titre VARCHAR(255) NOT NULL, 
  annee int NOT NULL, 
  id_realisateur INT, 
  genre VARCHAR(255) NOT NULL, 
  resume TEXT, 
  code_pays VARCHAR(100) NOT NULL
);

CREATE TABLE `Internaute` (
  email VARCHAR(255) NOT NULL PRIMARY KEY,
  nom VARCHAR(255) NOT NULL,
  prenom VARCHAR(255) NOT NULL, 
  mot_de_passe VARCHAR(255) NOT NULL, 
  annee_naissance INT NOT NULL
);

CREATE TABLE `Notation` (
  id_film INT NOT NULL PRIMARY KEY, 
  email VARCHAR(255), 
  note INT NOT NULL
);

CREATE TABLE `Pays` (
  code VARCHAR(255) NOT NULL PRIMARY KEY, 
  nom VARCHAR(255) NOT NULL, 
  langue VARCHAR(255) NOT NULL
);

CREATE TABLE `Role` (
  id_film INT, 
  id_acteur INT, 
  nom_role VARCHAR(255)
);



INSERT INTO `Artiste` (`id`, `nom`, `prenom`, `annee_naissance`) VALUES
(1, 'Coppola', 'Sofia', 1971),
(2, 'Dunst', 'Kirsten', NULL),
(3, 'Hitchcock', 'Alfred', 1899),
(4, 'Scott', 'Ridley', 1937),
(5, 'Weaver', 'Sigourney', 1949),
(6, 'Cameron', 'James', 1954),
(9, 'Tarkovski', 'Andrei', 1932),
(10, 'Woo', 'John', 1946),
(11, 'Travolta', 'John', 1954),
(12, 'Cage', 'Nicolas', 1964),
(13, 'Burton', 'Tim', 1958),
(14, 'Depp', 'Johnny', 1964),
(15, 'Stewart', 'James', 1908),
(16, 'Novak', 'Kim', 1925),
(17, 'Mendes', 'Sam', 1965),
(18, 'Spacey', 'Kevin', 1959),
(19, 'Bening', 'Anette', 1958),
(20, 'Eastwood', 'Clint', 1930),
(21, 'Hackman', 'Gene', 1930),
(22, 'Freeman', 'Morgan', 1937),
(23, 'Crowe', 'Russell', 1964),
(24, 'Ford', 'Harrison', 1942),
(25, 'Hauer', 'Rutger', 1944),
(26, 'McTierman', 'John', 1951),
(27, 'Willis', 'Bruce', 1955),
(28, 'Harlin', 'Renny', 1959),
(29, 'Pialat', 'Maurice', 1925),
(30, 'Dutronc', 'Jacques', 1943),
(31, 'Fincher', 'David', 1962),
(32, 'Pitt', 'Brad', 1963),
(33, 'Gilliam', 'Terry', 1940),
(34, 'Annaud', 'Jean-Jacques', 1943),
(35, 'Connery', 'Sean', 1930),
(36, 'Slater', 'Christian', 1969),
(37, 'Tarantino', 'Quentin', 1963),
(38, 'Jackson', 'Samuel L.', 1948),
(39, 'Arquette', 'Rosanna', 1959),
(40, 'Thurman', 'Uma', 1970),
(41, 'Farrelly', 'Bobby', 1958),
(42, 'Diaz', 'Cameron', 1972),
(43, 'Dillon', 'Mat', 1964),
(44, 'Schwartzenegger', 'Arnold', 1947),
(45, 'Spielberg', 'Steven', 1946),
(46, 'Scheider', 'Roy', 1932),
(47, 'Shaw', 'Robert', 1927),
(48, 'Dreyfus', 'Richard', 1947),
(49, 'Demme', 'Jonathan', 1944),
(50, 'Hopkins', 'Anthony', 1937),
(51, 'Foster', 'Jodie', 1962),
(53, 'Kilmer', 'Val', 1959),
(54, 'Fiennes', 'Ralph', 1962),
(55, 'Pfeiffer', 'Michelle', 1957),
(56, 'Bullock', 'Sandra', 1964),
(57, 'Goldblum', 'Jeff', 1952),
(58, 'Emmerich', 'Roland', 1955),
(59, 'Broderick', 'Matthew', 1962),
(60, 'Reno', 'Jean', 1948),
(61, 'Wachowski', 'Andy', 1967),
(62, 'Reeves', 'Keanu', 1964),
(63, 'Fishburne', 'Laurence', 1961),
(64, 'De Palma', 'Brian', 1940),
(65, 'Cruise', 'Tom', 1962),
(66, 'Voight', 'John', 1938),
(67, 'Bart', 'Emmanuelle', 1965),
(68, 'Kurozawa', 'Akira', 1910),
(69, 'Harris', 'Ed', 1950),
(70, 'Linney', 'Laura', 1964),
(71, 'Girault', 'Jean', 1924),
(72, 'De Funs', 'Louis', 1914),
(73, 'Galabru', 'Michel', 1922),
(75, 'Balasko', 'Josiane', 1950),
(76, 'Lavanant', 'Dominique', 1944),
(77, 'Lanvin', 'Grard', 1950),
(78, 'Villeret', 'Jacques', 1951),
(79, 'Levinson', 'Barry', 1942),
(80, 'Hoffman', 'Dustin', 1937),
(81, 'Scott', 'Tony', 1944),
(82, 'McGillis', 'Kelly', 1957),
(83, 'Leconte', 'Patrice', 1947),
(84, 'Blanc', 'Michel', 1952),
(85, 'Clavier', 'Christian', 1952),
(86, 'Lhermite', 'Thierry', 1952),
(88, 'Perkins', 'Anthony', 1932),
(89, 'Miles', 'Vera', 1929),
(90, 'Leigh', 'Janet', 1927),
(91, 'Marquand', 'Richard', 1938),
(92, 'Hamill', 'Mark', 1951),
(93, 'Fisher', 'Carrie', 1956),
(94, 'Taylor', 'Rod', 1930),
(95, 'Hedren', 'Tippi', 1931),
(96, 'Ricci', 'Christina', 1980),
(97, 'Walken', 'Christopher', 1943),
(98, 'Keitel', 'Harvey', 1939),
(99, 'Roth', 'Tim', 1961),
(100, 'Penn', 'Chris', 1966),
(101, 'Kubrick', 'Stanley', 1928),
(102, 'Kidman', 'Nicole', 1967),
(103, 'Nicholson', 'Jack', 1937),
(104, 'Kelly', 'Grace', 1929),
(105, 'Grant', 'Cary', 1904),
(106, 'Saint', 'Eva Marie', 1924),
(107, 'Mason', 'James', 1909),
(109, 'Winslet', 'Kate', 1975),
(110, 'DiCaprio', 'Leonardo', 1974),
(111, 'Besson', 'Luc', 1959),
(112, 'Jovovich', 'Milla', 1975),
(113, 'Dunaway', 'Fane', 1941),
(114, 'Malkovitch', 'John', 1953),
(115, 'Karyo', 'Tchky', 1953),
(116, 'Oldman', 'Gary', 1958),
(117, 'Holm', 'Ian', 1931),
(118, 'Portman', 'Natalie', 1981),
(119, 'Parillaud', 'Anne', 1960),
(120, 'Anglade', 'Jean-Hughes', 1955),
(121, 'Barr', 'Jean-Marc', 1960),
(122, 'Ferrara', 'Abel', 1951),
(123, 'Caruso', 'David', 1956),
(124, 'Snipes', 'Wesley', 1962),
(125, 'Sciora', 'Annabella', 1964),
(126, 'Rosselini', 'Isabella', 1952),
(127, 'Gallo', 'Vincent', 1961),
(128, 'von Trier', 'Lars', 1956),
(129, 'Gudmundsdottir', 'Bjork', 1965),
(130, 'Deneuve', 'Catherine', 1943),
(131, 'Kassowitz', 'Matthieu', 1967),
(132, 'Cassel', 'Vincent', 1966),
(133, 'Gray', 'James', 1969),
(134, 'Wahlberg', 'Mark', 1971),
(135, 'Phoenix', 'Joaquin', 1974),
(136, 'Theron', 'Charlize', 1975),
(137, 'Caan', 'James', 1940),
(138, 'Chabrol', 'Claude', 1930),
(139, 'Huppert', 'Isabelle', 1953),
(140, 'Mouglalis', 'Anna', 1978),
(141, 'Costner', 'Kevin', 1955),
(142, 'Dern', 'Laura', 1967),
(143, 'Hanks', 'Tom', 1956),
(144, 'Sizemore', 'Tom', 1964),
(145, 'Damon', 'Matt', 1970),
(146, 'Modine', 'Matthew', 1959),
(147, 'Baldwin', 'Adam', 1962),
(148, 'O''Neal', 'Ryan', 1941),
(149, 'Berenson', 'Marisa', 1946),
(150, 'McDowell', 'Macolm', 1943),
(151, 'Dullea', 'Keir', 1936),
(152, 'Lockwood', 'Gary', 1937),
(153, 'Sellers', 'Peter', 1925),
(154, 'Scott', 'George', 1927),
(155, 'Hayden', 'Sterling', 1916),
(156, 'Douglas', 'Kirk', 1916),
(157, 'Donat', 'Robert', 1905),
(158, 'Caroll', 'Madeleine', 1906),
(159, 'Olivier', 'Laurence', 1907),
(160, 'Fontaine', 'Joan', 1917),
(161, 'Sanders', 'George', 1906),
(162, 'Bergman', 'Ingrid', 1915),
(163, 'Rains', 'Claude', 1889),
(164, 'Milland', 'Ray', 1907),
(166, 'Day', 'Doris', 1924),
(167, 'De Niro', 'Robert', 1943),
(168, 'Grier', 'Pam', 1949),
(169, 'Fonda', 'Bridget', 1964),
(170, 'Keaton', 'Michael', 1951),
(171, 'Shyamalan', 'M. Night', 1970),
(172, 'Osment', 'Haley Joel', 1988),
(173, 'Collette', 'Tony', 1972),
(174, 'Leighton', 'Eric', 1962),
(175, 'Mann', 'Michael', 1943),
(176, 'Pacino', 'Al', 1940),
(177, 'Crowe', 'Russel', 1964),
(178, 'Plummer', 'Christopher', 1927),
(179, 'Furlong', 'Edward', 1977),
(180, 'Redgrave', 'Vanessa', 1937),
(181, 'Coppola', 'Francis Ford', 1939),
(182, 'Brando', 'Marlon', 1924),
(183, 'Keaton', 'Diane', 1946),
(184, 'Duvall', 'Robert', 1931),
(185, 'Caan', 'Jamees', 1939),
(186, 'Garcia', 'Andy', 1956),
(187, 'Raimi', 'Sam', 1959),
(188, 'Maguire', 'Tobey', 1975),
(210, 'Moss', 'Carrie-Anne', 1967),
(211, 'Weaving', 'Hugo', 1960),
(212, 'Jackson', 'Samuel', 1948),
(213, 'Liu', 'Lucy', 1968),
(214, 'Carradine', 'David', 1936),
(215, 'Madsen', 'Michael', 1958),
(216, 'Hannah', 'Daryl', 1960),
(217, 'Buscemi', 'Steve', 1957),
(218, 'Bunker', 'Edward', 1933),
(219, 'Leone', 'Sergio', 1929),
(220, 'Van Cleef', 'Lee', NULL),
(221, 'Volonte', 'Gian Maria', NULL),
(224, 'Swank', 'Hillary', 1974);



INSERT INTO `Film` (`id`, `titre`, `annee`, `id_realisateur`, `genre`, `resume`, `code_pays`) VALUES
(1, 'Vertigo', 1958, 3, 'Drame', 0x53636f74746965204665726775736f6e2c20616e6369656e20696e737065637465757220646520706f6c6963652c206573742073756a657420617520766572746967652064657075697320717527696c2061207675206d6f7572697220736f6e0d0a20636f6c6cc3a86775652e20456c737465722c20736f6e20616d692c206c6520636861726765206465207375727665696c6c65722073612066656d6d652c204d6164656c65696e652c206179616e74206465732074656e64616e6365730d0a2073756963696461697265732e20416d6f7572657578206465206c61206a65756e652066656d6d652053636f74746965206e652072656d617271756520706173206c65207069c3a8676520717569207365207472616d65206175746f75720d0a206465206c756920657420646f6e7420696c20766120c3aa747265206c612076696374696d652e2e2e20, 'USA'),
(2, 'Alien', 1979, 4, 'Science-fiction', 0x5072c3a873206427756e207661697373656175207370617469616c20c3a963686f75c3a92073757220756e65206c6f696e7461696e6520706c616ec3a874652c20646573205465727269656e7320656e206d697373696f6e2064c3a9636f757672656e740d0a206465206269656e20c3a97472616e67657320226f65756673222e20496c7320656e2072616dc3a86e656e7420756e20c3a020626f72642c2069676e6f72616e7420717527696c73207669656e6e656e74206427696e74726f6475697265207061726d690d0a2065757820756e206875697469c3a86d6520706173736167657220706172746963756c69c3a872656d656e742066c3a9726f6365206574206d65757274726965722e20, 'USA'),
(3, 'Titanic', 1997, 6, 'Drame', 0x436f6e6475697465207061722042726f636b204c6f766574742c20756e6520657870c3a9646974696f6e20616dc3a972696361696e6520666f75696c6c616e74206c27c3a97061766520647520546974616e69632072656d6f6e746520c3a0206c610d0a2073757266616365206c652063726f71756973206427756e652066656d6d65206e75652e20416c657274c3a96520706172206c6573206dc3a964696173206c612064616d6520656e207175657374696f6e2c20526f7365204465576974740d0a2042756b617465722c2061756a6f757264276875692063656e74656e616972652c2072656a6f696e74206c6573206c69657578206475206e617566726167652c2064276fc3b920656c6c6520656e7472657072656e6420646520636f6e746572206c650d0a2072c3a963697420646520736f6e2066617363696e616e742c20c3a97472616e676520657420747261676971756520766f796167652e2e2e20, 'USA'),
(4, 'Sacrifice', 1986, 9, 'Drame', '', 'FR'),
(5, 'Volte/Face', 1997, 10, 'Action', 0x446972656374657572206427756e6520756e6974c3a920616e74692d746572726f72697374652c205365616e204172636865722072656368657263686520436173746f722054726f792c20756e206372696d696e656c20726573706f6e7361626c65206465206c610d0a206d6f727420646520736f6e2066696c732073697820616e7320706c75732074c3b4742e20496c207061727669656e7420c3a0206c27617272c3aa746572206d6169732061707072656e64207175652054726f7920612063616368c3a920756e6520626f6d62652061752050616c6169730d0a2064657320436f6e6772c3a873206465204c6f7320416e67656c65732e205365756c206c65206672c3a872652064652054726f792070657574206c612064c3a973616d6f726365722065742c20706f7572206c27617070726f636865722c2041726368657220736520666169740d0a2067726566666572206c65207669736167652064652054726f792e20, 'USA'),
(6, 'Sleepy Hollow', 1999, 13, 'Fantastique', 0x4e6f7576656c6c6520416e676c6574657272652c20313739392e204120536c6565707920486f6c6c6f772c20706c7573696575727320636164617672657320736f6e7420726574726f7576c3a9732064c3a96361706974c3a9732e204c610d0a202020202020202020202020202020202020202020202020202020202020202020202020202072756d65757220617474726962756520636573206d6575727472657320c3a020756e20636176616c696572206c75692d6dc3aa6d652073616e732074c3aa74652e204d616973206c652066696e206c696d6965720d0a20202020202020202020202020202020202020202020202020202020202020202020202020206e65772d796f726b6169732049636861626f64204372616e65206e652063726f69742070617320656e207365732061626572726174696f6e732e20546f6d62c3a920736f7573206c6520636861726d65206465206c610d0a202020202020202020202020202020202020202020202020202020202020202020202020202076c3a96ec3a96e65757365204b617472696e612c20696c206dc3a86e6520736f6e20656e7175c3aa746520617520636f6575722064657320736f7274696cc3a867657320646520536c6565707920486f6c6c6f772e2e20, 'USA'),
(7, 'American Beauty', 1999, 17, 'Comédie', 0x4c6573746572204275726e68616d2c2073612066656d6d65204361726f6c796e206574206c6575722066696c6c65204a616e65206dc3a86e656e74206170706172656d6d656e7420756e65207669652064657320706c75730d0a206865757265757365732064616e73206c6575722062656c6c652062616e6c696575652e204d616973206465727269c3a87265206365747465207265737065637461626c65206661c3a761646520736520746973736520756e6520c3a97472616e67650d0a206574206772696ec3a7616e74652074726167692d636f6dc3a96469652066616d696c69616c65206fc3b92064c3a97369727320696e61766f75c3a9732c206672757374726174696f6e732065742076696f6c656e636573207265666f756cc3a965730d0a20636f6e647569726f6e7420696e65786f7261626c656d656e7420756e20686f6d6d652076657273206c61206d6f72742e20, 'USA'),
(8, 'Impitoyable', 1992, 20, 'Western', 0x4cc3a967656e646169726520686f72732d6c612d6c6f692c2057696c6c69616d204d756e6e79207327657374207265636f6e766572746920646570756973206f6e7a6520616e7320656e207061697369626c65206665726d6965722e20496c0d0a2072657072656e64206ec3a9616e6d6f696e73206c65732061726d657320706f7572207472617175657220646575782074756575727320656e20636f6d7061676e696520646520736f6e20766965696c20616d69204e65640d0a204c6f67616e2e204d616973206365206465726e6965722065737420636170747572c3a92c207075697320c3a978c3a9637574652e204c27686f6e6e657572206574206c27616d697469c3a920696d706f73656e742064c3a873206c6f727320c3a00d0a204d756e6e79206465207265646576656e697220756e65206465726e69c3a8726520666f6973206c652068c3a9726f7320717527696c20667574206a616469732e2e2e20, 'USA'),
(9, 'Gladiator', 2000, 4, 'Drame', 0x4c652067c3a96ec3a972616c20726f6d61696e204d6178696d757320657374206c6520706c757320666964c3a86c650d0a2020202020202020202020202020202020202020736f757469656e206465206c27656d706572657572204d61726320417572c3a86c652c20717527696c20610d0a2020202020202020202020202020202020202020636f6e6475697420646520766963746f69726520656e20766963746f697265206176656320756e650d0a2020202020202020202020202020202020202020627261766f75726520657420756e2064c3a9766f75656d656e74206578656d706c61697265732e0d0a20202020202020202020202020202020202020204a616c6f7578206475207072657374696765206465204d6178696d75732c20657420706c75730d0a2020202020202020202020202020202020202020656e636f7265206465206c27616d6f757220717565206c756920766f7565206c27656d7065726575722c0d0a20202020202020202020202020202020202020206c652066696c73206465204d6172632d417572c3a86c652c20436f6d6d6f64652c2073276172726f67650d0a202020202020202020202020202020202020202062727574616c656d656e74206c6520706f75766f69722c2070756973206f72646f6e6e650d0a20202020202020202020202020202020202020206c276172726573746174696f6e2064752067c3a96ec3a972616c20657420736f6e206578c3a9637574696f6e2e0d0a20202020202020202020202020202020202020204d6178696d757320c3a963686170706520c3a02073657320617373617373696e73206d616973206e6520706575740d0a2020202020202020202020202020202020202020656d70c3aa63686572206c65206d617373616372652064652073612066616d696c6c652e20436170747572c3a90d0a202020202020202020202020202020202020202070617220756e206d61726368616e642064276573636c617665732c20696c2064657669656e740d0a2020202020202020202020202020202020202020676c6164696174657572206574207072c3a9706172652073612076656e6765616e63652e, 'USA'),
(10, 'Blade Runner', 1982, 4, 'Action', 0x456e20323031392c206c6f7273206465206c612064c3a9636164656e6365206465204c6f7320416e67656c65732c2064657320c3aa747265732073796e7468c3a97469717565732c2073616e732070656e73c3a9652c2073616e730d0a20c3a96d6f74696f6e732c20737566666973656e74206175782064696666c3a972656e74732074726176617578206427656e7472657469656e2e204c65757220647572c3a96520646520766965206e27657863c3a8646520706173203420616e6ec3a965732e0d0a20556e206a6f75722c20636573206f6d627265732068756d61696e65732073652072c3a9766f6c74656e74206574206f6e20636861726765206c6573207475657572732c20617070656cc3a97320426c6164652052756e6e65722c2064650d0a206c657320616261747472652e2e2e20, 'USA'),
(11, 'Piège de cristal', 1988, 26, 'Action', 0x4a6f686e204d6320436c616e652c20706f6c6963696572206e65772d796f726b6169732c207669656e7420706173736572204e6f656c2061204c6f7320416e67656c6573206175707265732064652073612066656d6d652e0d0a2044616e73206c65206275696c64696e67206f7520656c6c65207472617661696c6c652c20696c20736520726574726f7576652074656d6f696e206465206c6120707269736520656e206f7461676520646520746f7574206c6520706572736f6e6e656c0d0a2070617220313220746572726f7269737465732e204f626a656374696620646520636573206465726e696572732c207669646572206c657320636f6666726573206465206c6120736f63696574652e204361636865206d6169732069736f6c652c20696c0d0a20656e7472657072656e642064652070726576656e6972206c276578746572696575722e2e2e, 'USA'),
(12, '58 minutes pour vivre', 1990, 28, 'Action', 0x0d0a0d0a0d0a0d0a0d0a0d0a0d0a0d0a2056656e7520617474656e6472652073612066656d6d652061206c2761c3a9726f706f72742c206c6520706f6c6963696572204a6f686e204d63436c616e652072656d6172717565206c61207072c3a973656e63652064650d0a20746572726f72697374657320717569206f6e742070726973206c6520636f6e7472c3b46c6520646573207069737465732c20656d70c3aa6368616e7420746f7574206176696f6e2064276174746572726972206574206d656e61c3a7616e742064650d0a206c616973736572206c657320617070617265696c7320656e20766f6c20746f75726e6572206a7573717527c3a020c3a970756973656d656e74206465206c657572206bc3a9726f73c3a86e652e204a6f686e206e276120646576616e74206c7569207175650d0a203538206d696e7574657320706f757220c3a97669746572206c6120636174617374726f7068652e2e2e20, 'USA'),
(13, 'Van Gogh', 1990, 29, 'Drame', 0x4c6573206465726e69657273206a6f757273206465206c61207669652064652056696e63656e742056616e20476f67682c2072c3a966756769c3a920c3a0204175766572732d7375722d4f6973652c207072c3a873206465206368657a20736f6e0d0a20616d692065742070726f74656374657572206c6520646f6374657572204761636865742c20756e20616d6920646520736f6e206672c3a87265205468c3a96f2e204365207065696e747265206d61756469742c20717565206c65730d0a2076696c6c6167656f6973207375726e6f6d6d6169656e7420226c6520666f75222c206e27617661697420616c6f727320706c7573207175652064657578206d6f697320c3a02076697672652c20717527696c20706173736120656e0d0a20706569676e616e7420756e207461626c65617520706172206a6f75722e20, 'FR'),
(14, 'Seven', 1995, 31, 'Policier', 0x41204e657720596f726b2c20756e206372696d696e656c20616e6f6e796d6520612064c3a9636964c3a920646520636f6d6d65747472652037206d6575727472657320626173c3a97320737572206c657320372070c3aa6368c3a9730d0a20636170697461757820c3a96e6f6e63c3a9732064616e73206c61204269626c65203a20676f75726d616e646973652c20617661726963652c20706172657373652c206f72677565696c2c206c75787572652c20656e76696520657420636f6cc3a872652e0d0a20566965757820666c696320626c6173c3a920c3a02037206a6f757273206465206c612072657472616974652c206c27696e737065637465757220536f6d6572736574206dc3a86e65206c27656e7175c3aa746520746f757420656e20666f726d616e740d0a20736f6e2072656d706c61c3a7616e742c206c27616d6269746965757820696e7370656374657572204461766964204d696c6c732e2e2e20, 'USA'),
(15, 'L''armée des douze singes', 1995, 33, 'Science-fiction', '', 'USA'),
(16, 'Le nom de la rose', 1986, 34, 'Policier', 0x456e206c27616e20313332372c2064616e7320756e65206162626179652062c3a96ec3a964696374696e652c206c65206d6f696e65206672616e6369736361696e204775696c6c61756d65206465204261736b657276696c6c652c0d0a206163636f6d7061676ec3a920646520736f6e206a65756e65206e6f76696365204164736f2c20656e7175c3aa746520737572206465206d797374c3a972696575736573206d6f72747320717569206672617070656e74206c610d0a20636f6e6672c3a97269652e204c65207365637265742073656d626c652072c3a973696465722064616e73206c61206269626c696f7468c3a87175652c206fc3b9206c65207669657578204a6f726765206761726465206a616c6f7573656d656e7420756e0d0a206c69767265206a7567c3a9206d61756469742e20, 'FR'),
(17, 'Pulp fiction', 1994, 37, 'Action', 0x50756c702046696374696f6e2064c3a963726974206c276f64797373c3a9652073616e676c616e7465206574206275726c657371756520646520706574697473206d616c66726174732064616e73206c61206a756e676c652064650d0a20486f6c6c79776f6f642c206f75207327656e74726563726f6973656e74206c65732064657374696e73206465206465757820706574697473207475657572732c206427756e2064616e6765726575782067616e6773746572206d617269c3a90d0a20c3a020756e652063616dc3a9652c206427756e20626f7865757220726f75626c6172642c206465207072c3aa7465757273207375722067616765732073616469717565732c206427756e206361c3af6420c3a96cc3a967616e742065740d0a2064c3a9766f75c3a92c206427756e206465616c657220626f6e206d617269206574206465206465757820746f75727465726561757820c3a0206c6120676163686574746520666163696c652e2e2e20, 'USA'),
(18, 'Mary à tout prix', 1998, 41, 'Comédie', 0x506f757220726574726f75766572206c27616d6f7572206465207361206a65756e657373652c206c612062656c6c65204d6172792c205465642d6c652d6c6f6f73657220656e6761676520506174204865616c792c20756e0d0a2070726976c3a92e205375626a7567c3a920706172206c61206a65756e652066656d6d652c206365206465726e6965722074656e7465206465206c612073c3a9647569726520656e2073652066616973616e742070617373657220706f757220756e0d0a20617263686974656374652e20496c206361636865206c612076c3a9726974c3a920c3a020546564206574206661697420636175736520636f6d6d756e652061766563205475636b65722c20756e206175747265207072c3a974656e64616e742c0d0a20706f75722073652064c3a9626172726173736572206465206c27656e636f6d6272616e74205465642e2e2e20, 'USA'),
(19, 'Terminator', 1984, 6, 'Science-fiction', 0x44657578206372656174757265732076656e7565732064752066757475722064656261727175656e74207375722074657272652e204c27756e65206427656e74726520656c6c65732c206c65205465726d696e61746f722c20646f69740d0a20656c696d696e657220756e65206365727461696e6520536172616820436f6e6e6f722c2071756920646f697420656e66616e7465722063656c7569207175692073657261206c652063686566206427756e2067726f7570652064650d0a20726573697374616e74732e204c2761757472652c204b796c652052656573652c206573742063686172676520706172206c657320726562656c6c657320646520646566656e6472652053617261682e2e2e20, 'USA'),
(20, 'Les dents de la mer', 1975, 45, 'Horreur', 0x44616e73206c612073746174696f6e2062616c6ec3a961697265206427416d69747976696c6c652c20756e2072657175696e2067c3a9616e742066726170706520c3a020706c757369657572732072657072697365732e20536f7563696575780d0a206427756e6520626f6e6e6520736169736f6e20746f7572697374697175652c206c65206d6169726520696e746572646974206175207368657269662042726f6479206465206665726d6572206c657320706c616765732e20556e65207072696d650d0a20657374206f666665727465206574206c652063c3a96cc3a86272652063686173736575722064652072657175696e205175696e74207365206c616e636520617665632042726f6479206574206c2769636874796f6c6f67756520486f6f70657220c3a00d0a206c6120706f75727375697465206475206d6f6e737472652e2e2e20, 'FR'),
(21, 'Le silence des agneaux', 1990, 49, 'Policier', 0x4166696e20646520726574726f75766572206c61207069737465206427756e207475657572207375726e6f6d6dc3a92042756666616c6f2042696c6c2063617220696c207363616c7065206c65732066656d6d657320717527696c0d0a20617373617373696e652c206c61206a65756e65207374616769616972652064752046424920436c617269636520537461726c696e67206573742064c3a970c3aa6368c3a9652061757072c3a87320642748616e6e6962616c204c65637465722c0d0a20707269736f6e6e69657220706f75722061766f69722064c3a9766f72c3a9207365732076696374696d65732e204c6120636f6f70c3a9726174696f6e206465206365206465726e6965722064657672616974207065726d657474726520c3a00d0a20436c617269636520646520736169736972206574206427616e74696369706572206c6520636f6d706f7274656d656e742064652042756666616c6f2e2e2e20, 'USA'),
(22, 'Godzilla', 1998, 58, 'Action', 0x497373752064657320726164696174696f6e732061746f6d697175657320656e67656e6472c3a9657320706172206c657320657373616973206e75636cc3a9616972657320656e20506f6c796ec3a97369652c20756e206d6f6e737472650d0a20676967616e7465737175652c206175737369206861757420717527756e206275696c64696e672c207365206469726967652076657273204e657720596f726b2c2073656d616e74206c65206368616f732073757220736f6e0d0a20706173736167652e20506f75722074656e7465722064652073746f70706572206365747465206372c3a96174757265206465737472756374726963652c206c2761726dc3a9652073276173736f63696520c3a020756e6520c3a971756970652064650d0a20736369656e746966697175657320616dc3a972696361696e7320657420c3a020756e20c3a96e69676d61746971756520656e7175c3aa74657572206672616ec3a76169732e2e2e20, 'USA'),
(23, 'Matrix', 1999, 61, 'Science-fiction', 0x44616e7320756e206d6f6e6465206fc3b920746f7574206365207175692073656d626c652072c3a9656c2065737420656e206661697420c3a96c61626f72c3a920706172206c27756e697665727320c3a96c656374726f6e6971756520626170746973c3a90d0a206c61204d6174726963652c204ec3a96f2c20756e2070726f6772616d6d6575722c2065737420636f6e74616374c3a92070617220756e206365727461696e204d6f7270686575732e204427617072c3a873206c75692c204ec3a96f0d0a20736572616974206c65204c6962c3a97261746575722074616e7420617474656e64752c206c65207365756c2063617061626c65206465206d657474726520656e20c3a963686563206c276f6d6e69706f74656e6365206465206c610d0a204d6174726963652065742072656e647265207365732064726f69747320c3a0206c612072c3a9616c6974c3a92e2e2e20, 'USA'),
(24, 'Mission: Impossible', 1996, 64, 'Action', 0x4368617267c3a9206427756e65206e6f7576656c6c65206d697373696f6e2c206c276167656e7420647520636f6e74726520657370696f6e6e61676520457468616e2048756e7420746f6d6265206176656320736f6e0d0a20c3a971756970652064616e7320756e207069c3a867652073616e676c616e742e205365756c20737572766976616e74206176656320436c616972652c206c61206a65756e6520c3a9706f75736520646520736f6e2072656772657474c3a920636865660d0a204a696d205068656c70732c20457468616e20736520726574726f757665206163637573c3a9206465207472616869736f6e2e20456e2066756974652c20696c207072c3a97061726520736120636f6e7472652d617474617175652c0d0a20726563727574616e74206c27686f6d6d65206465206d61696e204b726965676572206574206c652070697261746520696e666f726d617469717565204c75746865722e2e2e20, 'USA'),
(25, 'Kagemusha', 1980, 68, 'Guerre', 0x4175205856496520736965636c652c2054616b6564612c206772616e6420736569676e6575722074726f75626c6520706172206c6573206775657272657320636976696c657320646520736f6e20706179732c206661697420617070656c20610d0a20756e204b6167656d7573686120706f7572206c2761696465722064616e73207365732062617461696c6c65732e2054616b6564612065737420626c65737365206574206176616e74206465206d6f757269722c20696c206578696765207175650d0a207361206d6f727420736f69742074656e756520736563726574652070656e64616e742074726f697320616e73206166696e20642765766974657220756e2065636c6174656d656e7420647520636c616e2e204c65204b6167656d757368610d0a206465767261206c652072656d706c616365722e2e2e20, 'JP'),
(26, 'Les pleins pouvoirs', 1997, 20, 'Policier', 0x4c757468657220576869746e657920657374206c276173206465732063616d6272696f6c657572732e204f63637570c3a920c3a0207669646572206c6520636f66667265206465206c27696e666c75656e742057616c7465722053756c6c6976616e2c0d0a20696c206573742074c3a96d6f696e206427756e206d657572747265207361646971756520696d706c697175616e74206c65205072c3a9736964656e74206465732045746174732d556e6973206574206c65732073657276696365730d0a20736563726574732e20536f7570c3a76f6e6ec3a920706172206c6120706f6c696365206427656e20c3aa747265206c276175746575722c20696c20736520726574726f75766520c3a967616c656d656e74207472617175c3a920706172206c65730d0a207475657572732c20717569206f6e7420636f6d7072697320717527696c73206f6e7420c3a974c3a9206f6273657276c3a9732e, 'USA'),
(27, 'Le gendarme et les extra-terrestres', 1978, 71, 'Comédie', 0x456e20616e676c6169733a2047656e6461726d6520616e6420746865204372656174757265732066726f6d204f7574657220537061636520210d0a, 'FR'),
(28, 'Le monde perdu', 1997, 45, 'Horreur', '', 'USA'),
(29, 'Rain Man', 1988, 79, 'Drame', 0x41206c61206d6f727420646520736f6e2070c3a872652c20436861726c696520736520766f69742064c3a9706f7373c3a964657220646520736f6e2068c3a97269746167652070617220756e206672c3a8726520646f6e7420696c2069676e6f726169740d0a206c276578697374656e63652c205261796d6f6e642e2043656c75692d6369206573742061757469737465206574207669742064616e7320756e2068c3b4706974616c20707379636869617472697175652e20436861726c696520656e6cc3a876650d0a205261796d6f6e64206166696e2064652070726f7576657220717527696c206573742063617061626c65206465207327656e206f63637570657220657420646520746f7563686572206c2768c3a97269746167652e20, 'USA'),
(30, 'Top Gun', 1986, 81, 'Action', 0x0d0a2050696c6f74652064652063686173736520c3a96dc3a972697465206d6169732063617373652d636f75204d6176657269636b204d69746368656c6c206573742061646d697320c3a020546f702047756e2c206c27c3a9636f6c652064650d0a206c27c3a96c697465206465206c2761c3a9726f6e6176616c652e20536f6e206d616e7175652064652070727564656e6365206c756920617474697265206c657320666f75647265732064652073657320737570c3a9726965757273206574206c610d0a206861696e65206465206365727461696e7320636fc3a971756970696572732e20496c2070657264207375626974656d656e74206c6120666f6920657420636f6e6669616e636520656e206c7569207175616e6420736f6e20616d692064650d0a20746f756a6f757273206d6575727420656e20766f6c20657420717527696c207327656e2063726f697420726573706f6e7361626c652e2e2e20, 'USA'),
(31, 'Les bronzés font du ski', 1979, 83, 'Comédie', 0x41707265732061766f69722070617373652064657320766163616e63657320642765746520656e73656d626c652c204265726e6172642c204e617468616c69652c20476967692c204a65726f6d652c20506f706579652c0d0a204a65616e2d436c617564652065742043687269737469616e6520736520726574726f7576656e74206175782073706f72747320642768697665722e20546f7573206f6e74206c657572732070726f626c656d657320646520636f6575720d0a206f75206427617267656e742c206d61697320696c2066617574206269656e20766976726520617665632e204176616e7420646520736520736570617265722c207365207065726472652064616e73206c61206d6f6e7461676e65206c6575720d0a207065726d657420646520676f7574657220617578206a6f696573206465206c612022767261696520766965222070617973616e6e652e2e2e20, 'FR'),
(32, 'Le bon, la brute et le truand', 1966, 219, 'Western', 0x50656e64616e74206c61204775657272652064652053c3a963657373696f6e2c2074726f697320686f6d6d65732c207072c3a966c3a972616e74207327696e74c3a972657373657220c3a0206c6575722070726f66697420706572736f6e6e656c2c207365206c616e63656e7420c3a0206c6120726563686572636865206427756e20636f6666726520636f6e74656e616e74203230302030303020646f6c6c61727320656e207069c3a86365732064276f7220766f6cc3a97320c3a0206c2761726dc3a96520737564697374652e205475636f207361697420717565206c65207472c3a9736f722073652074726f7576652064616e7320756e2063696d657469c3a872652c2074616e64697320717565204a6f6520636f6e6e61c3ae74206c65206e6f6d20696e736372697420737572206c612070696572726520746f6d62616c652071756920736572742064652063616368652e2043686163756e2061206265736f696e206465206c2761757472652e204d61697320756e2074726f697369c3a86d6520686f6d6d6520656e7472652064616e73206c6120636f75727365203a20536574656e7a612c20756e6520627275746520717569206e2768c3a9736974652070617320c3a0206d61737361637265722066656d6d657320657420656e66616e747320706f75722070617276656e697220c3a0207365732066696e732e, 'IT'),
(33, 'Psychose', 1960, 3, 'Thriller', 0x417072c3a8732061766f697220766f6cc3a92034302030303020646f6c6c6172732c204d6172696f6e204372616e652073652072656e642064616e7320756e206d6f74656c2074656e7520706172204e6f726d616e2042617465732e20456c6c65206573740d0a20706f69676e617264c3a96520736f757320736120646f756368652070617220756e652066656d6d652e204e6f726d616e2066616974206469737061726169747265206c6520636f727073206574206c6573206166666169726573206465206c61206a65756e650d0a2066656d6d652e204d6169732053616d2c206c65206669616e63c3a9206465204d6172696f6e2c20696e7175696574206465206e65207061732061766f6972206465206e6f7576656c6c65732c20656e6761676520756e2064c3a97465637469766520706f7572206c610d0a20726574726f757665722e2e2e20, 'USA'),
(34, 'Le retour du Jedi', 1983, 91, 'Science-fiction', 0x4c756b6520536b7977616c6b6572207327696e74726f64756974206368657a204a6162626120706f75722064656c69767265722048616e20536f6c6f206574206c61207072696e6365737365204c6569612c2074616e64697320717565206c27456d706972650d0a207265636f6e73747275697420756e65206465757869656d65202245746f696c65206465206c61204d6f7274222e204c756b652073652072656e6420656e73756974652061752063686576657420646520596f64612071756920657374206d6f7572616e742e20496c206c75690d0a2061707072656e6420717565204c6569612065737420736120736f6575722e204c756b6520666f726d6520756e20636f6d6d616e646f20706f7572206174746171756572206c2745746f696c652c2074616e64697320717527696c20616666726f6e746520736f6e0d0a20706572652c204461727468205661646f722e2e2e20, 'USA'),
(35, 'Les oiseaux', 1963, 3, 'Horreur', 0x4d656c616e69652044616e69656c732073652072656e6420c3a020426f646567612042617920706f7572206f666672697220646575782070657272756368657320656e206361676520c3a02043617468792c206c6120736f657572206465206c2761766f6361740d0a204d69746368204272656e6e65722e20417474617175c3a9652070617220756e65206d6f75657474652c204d656c616e6965207265737465206368657a206c6573204272656e6e657220706f7572206c61206e7569742e204d6169732064276175747265730d0a20c3a976c3a86e656d656e747320c3a97472616e6765732073652070726f64756973656e743a2064657320656e66616e747320736f6e7420626c657373c3a973207061722064657320636f726265617578206574206c61206d6169736f6e206465204d69746368206573740d0a20656e76616869652070617220646573206d696c6c696572732064276f6973656175782e20, 'USA'),
(36, 'Reservoir dogs', 1992, 37, 'Policier', 0x417072c3a87320756e20686f6c642d7570206d616e7175c3a92c206465732063616d6272696f6c65757273206465206861757420766f6c20666f6e74206c6575727320636f6d707465732064616e7320756e6520636f6e66726f6e746174696f6e2076696f6c656e74652c20706f75722064c3a9636f7576726972206c657175656c206427656e74726520657578206c65732061207472616869732e0d0a0d0a0d0a0d0a0d0a20566f6c657572732064652070726f66657373696f6e2c204a6f65204361626f7420657420736f6e2066696c7320456464696520656e676167656e7420756e2067726f75706520646520736978206372696d696e656c7320706f7572206c652063616d6272696f6c6167650d0a206427756e206469616d616e74616972652e204d616c6772c3a920746f75746573206c6573207072c3a963617574696f6e73207072697365732c206c6120706f6c696365206573742073757220706c616365206c65206a6f7572204a2c206574206c276f70c3a9726174696f6e2073650d0a20736f6c64652070617220756e206d617373616372652e204c657320737572766976616e74732064752067616e672073652072c3a9756e697373656e7420706f75722072c3a8676c6572206c6575727320636f6d707465732c2063686163756e0d0a20736f7570c3a76f6e6e616e74206c27617574726520642761766f69722074726168692e20, 'USA'),
(37, 'Eyes Wide Shut', 1999, 101, 'Thriller', 0x556e20636f75706c6520646520626f757267656f69732c2063c3a964616e7420c3a0206c61206a616c6f7573696520657420c3a0206c276f6273657373696f6e2073657875656c6c652c20656e7472657072656e6420756e20766f796167652070737963686f6c6f67697175650d0a20c3a0206c612072656368657263686520646520736f6e206964656e746974c3a92e204c65206d6172692c20617520626f757420646520736f6e2070c3a97269706c65206e6f637475726e652c20726576656e75206465207365732064c3a9736972732c206e652074726f75766572610d0a2066696e616c656d656e742061757072c3a87320646520736f6e20c3a9706f75736520717527756e20636f6d70726f6d69732062616e616c206d61697320636f6d706c6963652c206c65732079657578206f75766572747320c3a020746f7574206a616d616973207375720d0a20756e2072c3aa766520696d706f737369626c652e20, 'USA'),
(38, 'Shining', 1980, 101, 'Horreur', 0x4a61636b20546f7272616e6365207327696e7374616c6c6520617665632073612066656d6d6520657420736f6e2066696c732044616e6e792064616e7320756e2068c3b474656c206665726dc3a920c3a0206c61206d6f72746520736169736f6e206166696e206427c3a963726972650d0a20756e20726f6d616e2e20496c2061707072656e6420717565206c65206761726469656e207072c3a963c3a964656e742061207475c3a92073612066656d6d652065742073657320646575782066696c6c6573206176616e742064652073652073756963696465722e205472c3a8730d0a20766974652c204a61636b207661207327617065726365766f697220717565206465732063686f73657320c3a97472616e6765732073652070617373656e74206175746f7572206465206c75692065742071756520736f6e2066696c7320612064657320706f75766f6972730d0a20657874726173656e736f7269656c732e2e2e20, 'FR'),
(39, 'Pas de printemps pour Marnie', 1964, 3, 'Thriller', 0x4d61726e69652065737420656e676167c3a96520636f6d6d652073656372c3a97461697265206368657a20756e20656469746575722c204d61726b205275746c616e642e2043656c75692d636920616d6f7572657578206427656c6c652c2064c3a9636f757672650d0a20717527656c6c6520657374206b6c6570746f6d616e65206574206c276f626c69676520c3a0206c27c3a9706f7573657220656e206c61206d656e61c3a7616e74206465206c612064c3a96e6f6e6365722e20456e20732761706572636576616e7420717565204d61726e696520610d0a206c612070686f626965206465206c6120636f75206c65757220726f7567652c204d61726b2074656e74652064652072656d6f6e7465722064616e73206c652070617373c3a9206465206c61206a65756e652066656d6d65206166696e20646520636f6d7072656e6472650d0a206c657320726169736f6e73206465207361206ec3a976726f73652e20, 'USA'),
(40, 'Fenêtre sur cour', 1954, 3, 'Suspense', 0x456e207265706f7320666f7263c3a920c3a0206361757365206427756e65206a616d626520706cc3a27472c3a9652c206c65207265706f72746572204c2e422e204a6566666572696573206f6273657276652061752074c3a96cc3a96f626a6563746966206c657320766f6973696e732064650d0a206c27696d6d6575626c65206427656e20666163652e2043276573742061696e736920717527696c2072656d6172717565206c652063757269657578206d616ec3a86765206427756e2072657072c3a973656e74616e7420646520636f6d6d657263652c204d2e0d0a2054686f7277616c642c20717527696c20736f7570636f6e6e65207472c3a873207669746520642761766f697220617373617373696ec3a92073612066656d6d652e2e2e20, 'USA'),
(41, 'La mort aux trousses', 1959, 3, 'Suspense', 0x526f6765722054686f726e68696c6c2c207075626c6963697374652c2065737420707269732064616e73206c652068616c6c20646520736f6e2068c3b474656c20706f757220756e206365727461696e204b61706c616e2c20756e20657370696f6e2e20446575780d0a20686f6d6d65732074656e74656e74206465206c652074756572206574207175616e6420696c20726574726f757665206c27756e2064652073657320616772657373657572732c2063656c75692d63692065737420617373617373696ec3a920646576616e74207365730d0a20796575782e205072697320706f757220756e206d65757274726965722c20696c20657374206f626c6967c3a920646520667569722076657273204368696361676f2e2e2e20, 'USA'),
(42, 'Jeanne d''Arc', 1999, 111, 'Guerre', '', 'FR'),
(43, 'Le cinquième élément', 1997, 111, 'Science-fiction', 0x4175205858494949c3a86d65207369c3a8636c652c2064616e7320756e20756e697665727320c3a97472616e676520657420636f6c6f72c3a92c206fc3b920746f7574206573706f6972206465207375727669652065737420696d706f737369626c652073616e73206c610d0a2064c3a9636f7576657274652064752043696e717569c3a86d6520456cc3a96d656e742c20756e2068c3a9726f7320706575206f7264696e6169726520616666726f6e7465206c65206d616c20706f757220736175766572206c2768756d616e6974c3a92e20, 'FR'),
(44, 'Léon', 1994, 111, 'Action', 0x224cc3a96f6e2065737420756e2074756575722e20556e206465206c61207069726520657370c3a863652e20496c2065737420696e74726f757661626c652c20696e64c3a97465637461626c652c207069726520717527756e20736f75732d6d6172696e2e20536f6e206f6d6272650d0a2065737420636f6d6d6520756e65206d656e6163652064652064616e676572207065726d616e656e7420737572204e657720596f726b2e20496e646573747275637469626c65204cc3a96f6e203f204f75692c206a7573717527c3a020636520717527756e650d0a2070657469746520736f757269732070c3a96ec3a874726520736f6e20756e69766572732e20556e6520746f7574652070657469746520736f7572697320617578207965757820696d6d656e7365732e2e2e2220, 'FR'),
(45, 'Nikita', 1990, 111, 'Thriller', 0x4e696b6974612c2064726f6775c3a9652065742076696f6c656e74652c2065737420707269736520656e206d61696e73207061722064657320707379636869617472657320717569206c612072c3a9c3a964757175656e742c206c6120636f6e646974696f6e6e656e742c206166696e0d0a206427656e20666169726520756e652074756575736520c3a0206c6120626f7474652064657320536572766963657320536563726574732e20506c757320746172642c2072c3a9616c6973616e7420636520717527656c6c652065737420646576656e75652c20756e2070696f6e0d0a2073616e73207669652070726976c3a96520717565206c276f6e206d616e6970756c652c20656c6c652074656e7465206427c3a96368617070657220c3a02073657320636f6d6d616e64697461697265732e20, 'FR'),
(46, 'Le grand bleu', 1988, 111, 'Drame', 0x4a616371756573204d61796f6c20657420456e7a6f204d6f6c696e61726920736520636f6e6e61697373656e7420646570756973206c27656e66616e63652e20546f75732064657578206578706572747320656e2061706ec3a9652c207327616666726f6e74656e740d0a20636f6e74696e75656c6c656d656e7420706f7572206f6274656e6972206c65207265636f7264206475206d6f6e646520646520706c6f6e67c3a9652e20546f756a6f75727320656e20726976616c6974c3a92c206c6573206465757820686f6d6d65730d0a2064657363656e64656e7420646520706c757320656e20706c75732070726f666f6e642c20617520726973717565206465206c6575727320766965732e204c652066696c6d2065737420726573736f72746920656e206a616e7669657220383920656e2076657273696f6e0d0a206c6f6e677565206427756e6520647572c3a96520646520326834302e20, 'FR'),
(47, 'Spider-Man', 2002, 123, 'Action', 0x4f727068656c696e2c205065746572205061726b65722065737420c3a96c6576c3a9207061722073612074616e7465204d617920657420736f6e206f6e636c652042656e2064616e73206c6520717561727469657220517565656e73206465204e657720596f726b2e20546f757420656e20706f757273756976616e742073657320c3a9747564657320c3a0206c27756e69766572736974c3a92c20696c2074726f75766520756e20656d706c6f692064652070686f746f677261706865206175206a6f75726e616c204461696c79204275676c652e20496c207061727461676520736f6e20617070617274656d656e742061766563204861727279204f73626f726e2c20736f6e206d65696c6c65757220616d692c2065742072c3aa76652064652073c3a96475697265206c612062656c6c65204d617279204a616e652e0d0a436570656e64616e742c20617072c3a8732061766f697220c3a974c3a9206d6f7264752070617220756e652061726169676ec3a9652067c3a96ec3a974697175656d656e74206d6f64696669c3a9652c20506574657220766f697420736f6e206167696c6974c3a920657420736120666f726365207327616363726fc3ae7472652065742073652064c3a9636f757672652064657320706f75766f697273207375726e61747572656c732e20446576656e75205370696465722d4d616e2c20696c2064c3a9636964652064277574696c6973657220736573206e6f7576656c6c65732063617061636974c3a9732061752073657276696365206475206269656e2e0d0a4175206dc3aa6d65206d6f6d656e742c206c652070c3a872652064652048617272792c206c652072696368697373696d6520696e647573747269656c204e6f726d616e204f73626f726e2c206573742076696374696d65206427756e206163636964656e74206368696d697175652071756920612064c3a96d65737572c3a96d656e74206175676d656e74c3a92073657320666163756c74c3a97320696e74656c6c65637475656c6c657320657420736120666f7263652c206d616973206c27612072656e647520666f752e20496c2065737420646576656e75206c6520426f7566666f6e20566572742c20756e65206372c3a961747572652064c3a96d6f6e696171756520717569206d656e616365206c612076696c6c652e20456e747265206c7569206574205370696465722d4d616e2c20756e65206c757474652073616e73206d65726369207327656e676167652e, 'USA'),
(48, 'King of New York', 1990, 122, 'Drame', 0x4c27686973746f697265206427756e2067616e6773746572206175206772616e6420636f657572206d61697320617578206dc3a974686f6465732064c3a966696e6974697665732c207375726e6f6d6dc3a920706172206c652070726573736520546865204b696e67206f66204e657720596f726b206574207175692072c3aa766520646520666f6e64657220756e2068c3b4706974616c2c20636f6e66726f6e74c3a920612064657320706f6c696369657273206f70696e69c3a27472657320717569206f6e74206a7572c3a9206465206c27616261747472652e2e2e, 'USA'),
(49, 'The Matrix reloaded', 2003, 61, 'Science-fiction', 0x4e656f2061707072656e6420c3a0206d6965757820636f6e7472c3b46c65722073657320646f6e73206e61747572656c732c20616c6f7273206dc3aa6d65207175652053696f6e20732761707072c3aa746520c3a020746f6d62657220736f7573206c27617373617574206465206c2741726dc3a96520646573204d616368696e65732e204427696369207175656c71756573206865757265732c20323530203030302053656e74696e656c6c65732070726f6772616d6dc3a9657320706f757220616ec3a9616e746972206e6f74726520657370c3a8636520656e76616869726f6e74206c61206465726e69c3a8726520656e636c6176652068756d61696e65206465206c612054657272652e0d0a4d616973204d6f7270686575732067616c76616e697365206c6573206369746f79656e732064652053696f6e20656e206c6575722072617070656c616e74206c61205061726f6c65206465206c274f7261636c65203a20696c2065737420656e636f72652074656d707320706f7572206c27456c75206427617272c3aa746572206c612067756572726520636f6e747265206c6573204d616368696e65732e20546f7573206c6573206573706f697273207365207265706f7274656e742064c3a873206c6f727320737572204e656f2e204175206c6f6e672064652073612070c3a972696c6c6575736520706c6f6e67c3a965206175207365696e206465206c61204d61747269782065742064652073612070726f7072652064657374696ec3a9652c206365206465726e696572207365726120636f6e66726f6e74c3a920c3a020756e652072c3a973697374616e63652063726f697373616e74652c20756e652076c3a9726974c3a920656e636f726520706c75732061766575676c616e74652c20756e2063686f697820656e636f726520706c757320646f756c6f75726575782071756520746f757420636520717527696c206176616974206a616d61697320696d6167696ec3a92e, 'USA'),
(50, 'The Matrix Revolutions', 2003, 135, 'Science-fiction', 0x4c61206c6f6e677565207175c3aa7465206465206c6962657274c3a92064657320726562656c6c65732063756c6d696e6520656e20756e652062617461696c6c652066696e616c65206578706c6f736976652e2054616e64697320717565206c2761726dc3a96520646573204d616368696e65732073c3a86d65206c612064c3a9736f6c6174696f6e20737572205a696f6e2c20736573206369746f79656e73206f7267616e6973656e7420756e652064c3a966656e73652061636861726ec3a9652e204d61697320706f7572726f6e742d696c7320726574656e6972206c6573206e75c3a9657320696d706c616361626c6573206465732053656e74696e656c6c657320656e20617474656e64616e7420717565204e656f207327617070726f70726965206c27656e73656d626c652064652073657320706f75766f697273206574206d657474652066696e20c3a0206c6120677565727265203f0d0a4c276167656e7420536d69746820657374207175616e7420c3a0206c75692070617276656e7520c3a0207072656e64726520706f7373657373696f6e206465206c276573707269742064652042616e652c206c27756e20646573206d656d62726573206465206c27c3a971756970616765206465206c2761c3a9726f676c6973736575722e20446520706c757320656e20706c7573207075697373616e742c20696c206573742064c3a9736f726d61697320696e636f6e7472c3b46c61626c65206574206e276f62c3a9697420706c757320617578204d616368696e6573203a20696c206d656e6163652064652064c3a9747275697265206c65757220656d706972652061696e736920717565206c65206d6f6e64652072c3a9656c206574206c61204d6174726963652e2e2e0d0a0d0a09, 'USA'),
(51, 'De bruit et de fureur', 1988, 138, 'Drame', 0x4c27686973746f697265206465204272756e6f2c20656e66616e7420617474617264c3a9206465732062616e6c69657565732065742064657320482e4c2e4d2e2c20706c6f6e67c3a92064616e73206c612076696f6c656e636520646520736f6e206d696c6965752c20657420646f6e74206c612076696520766120736520636f6e73756d657220636f6d6d6520756e6520c3a9746f696c652066696c616e74652e, 'FR'),
(52, 'Usual suspects', 1995, 142, 'Thriller', 0x556e65206cc3a967656e6465206475206372696d6520636f6e747261696e742063696e71206d616c667261747320c3a020616c6c65722073276171756974746572206427756e652074c3a2636865207472c3a8732070c3a972696c6c657573652e20436575782071756920737572766976656e7420706f7572726f6e7420736520706172746167657220756e20627574696e206465203930206d696c6c696f6e7320646520646f6c6c6172732e, 'USA'),
(53, 'Bad Lieutenant', 1992, 122, 'Drame', 0x4c612064657363656e74652061757820656e66657273206427756e20666c696320706f757272692071756920656e717565746520737572206c652076696f6c206427756e65206a6f6c69652072656c696769657573652e, 'USA'),
(54, 'Le parrain', 1972, 64, 'Drame', 0x456e20313934352c20c3a0204e657720596f726b2c206c657320436f726c656f6e6520736f6e7420756e65206465732063696e712066616d696c6c6573206465206c61206d616669612e20446f6e205669746f20436f726c656f6e652c2022207061727261696e20222064652063657474652066616d696c6c652c206d617269652073612066696c6c6520c3a020756e20626f6f6b6d616b65722e20536f6c6c6f7a7a6f2c2022207061727261696e2022206465206c612066616d696c6c65205461747461676c69612c2070726f706f736520c3a020446f6e205669746f20756e65206173736f63696174696f6e2064616e73206c65207472616669632064652064726f6775652c206d6169732063656c75692d6369207265667573652e20536f6e6e792c20756e206465207365732066696c732c207920657374207175616e7420c3a0206c7569206661766f7261626c652e0d0a4166696e2064652074726169746572206176656320536f6e6e792c20536f6c6c6f7a7a6f2074656e7465206465206661697265207475657220446f6e205669746f2c206d6169732063656c75692d636920656e2072c3a96368617070652e204d69636861656c2c206c65206672c3a8726520636164657420646520536f6e6e792c2072656368657263686520616c6f7273206c657320636f6d6d616e6469746169726573206465206c27617474656e7461742065742074756520536f6c6c6f7a7a6f206574206c652063686566206465206c6120706f6c6963652c20656e2072657072c3a97361696c6c65732e0d0a4d69636861656c207061727420616c6f727320656e20536963696c652c206fc3b920696c20c3a9706f7573652041706f6c6c6f6e69612c206d6169732063656c6c652d63692065737420617373617373696ec3a96520c3a020736120706c6163652e204465207265746f757220c3a0204e657720596f726b2c204d69636861656c20c3a9706f757365204b6179204164616d73206574207365207072c3a97061726520c3a020646576656e6972206c65207375636365737365757220646520736f6e2070c3a872652e2e2e, 'USA'),
(55, 'Le parrain II', 1974, 64, 'Drame', 0x41206c61206d6f7274206465205669746f20436f726c656f6e652c2064697420226c65205061727261696e222c20632765737420736f6e2066696c732c204d69636861656c2c207175692072657072656e64206c65732061666661697265732066616d696c69616c65732e205472c3a87320766974652c20736f6e20617363656e73696f6e2064616e73206c65206d696c696575206d6166696f7369206573742066756c677572616e74652e0d0a0d0a446570756973206c61206d6f727420446520446f6e205669746f20436f726c656f6e652c20736f6e2066696c732c204d69636861656c2c2072c3a8676e6520737572206c612066616d696c6c652e20416d656ec3a920c3a0206ec3a9676f636965722061766563206c61206d61666961206a756976652c20696c207065726420616c6f7273206c6520736f757469656e206427756e20646520736573206c69657574656e616e74732c204672616e6b69652050656e746167656c692e20456368617070616e74206465206a7573746573736520c3a020756e20617474656e7461742c204d69636861656c2074656e746520646520726574726f75766572206c6520636f757061626c652c20736f7570c3a76f6e6e616e742048796d616e20526f74682c206c652063686566206465206c61206d61666961206a756976652e0d0a5669746f20436f726c656f6e652c20696d6d696772616e74206974616c69656e2c2061727269766520c3a0204e657720596f726b2061752064c3a9627574206475207369c3a8636c65203b207472c3a87320766974652c20696c2064657669656e7420756e20646573206361c3af64732064752071756172746965722c207574696c6973616e74206c612076696f6c656e636520636f6d6d65206d6f79656e2064652072c3a9676c657220746f75746573206c65732061666661697265732e205365756c2061752064c3a9706172742c20696c2062c3a27469742070657520c3a02070657520756e2076c3a972697461626c6520656d706972652c206f726967696e65206465206c6120666f7274756e65206465206c612066616d696c6c652064657320436f726c656f6e652e0d0a09, 'USA'),
(56, 'Le parrain III', 1990, 64, 'Drame', 0x4174746569676e616e74206c6120736f6978616e7461696e652c204d69636861656c20436f726c656f6e652064c3a97369726520c3a0206c6120666f69732072656e6f7565722061766563206c6573207369656e732065742073652072c3a9686162696c69746572206175782079657578206465206c6120736f6369c3a974c3a92c20737572746f7574206465206c2745676c6973652e20496c20617272697665726120707265737175652061207365732066696e732c206d616973207361207669652070617373c3a9652065742073657320616e6369656e7320656e6e656d6973206c65207261747472617065726f6e7420706c757320766974652e0d0a0d0a4d69636861656c20436f726c656f6e652065737420666174696775c3a92e20496c2076657574207072656e647265207365732064697374616e6365732061766563206c65732061637469766974c3a973206d61666965757365732064652073612066616d696c6c652e20496c207665757420636f6e766572746972206365732061637469766974c3a97320656e206166666169726573206cc3a967616c65732e204b61792c20736f6e2065782d66656d6d652c206c75692066616974206dc3aa6d6520616363657074657220717565206c6575722066696c732064657669656e6e6520756e206368616e746575722064276f70c3a97261206574206e652072657072656e6e6520706173206c65732061637469766974c3a9732066616d696c69616c65732e0d0a50656e64616e742063652074656d70732c206c612066696c6c65206465204d69636861656c2c204d6172792c20657420736f6e206e657665752c206c652066696c7320646520536f6e6e792c2056696e63656e742c206e6f75656e7420756e65206964796c6c6520717569206e2765737420706173206c61206269656e76656e75652064616e73206c612066616d696c6c652e0d0a496c2064c3a9636964652064276169646572206c65205661746963616e20c3a02072656e666c6f756572207365732063616973736573206574207265c3a76f697420656e20c3a96368616e6765206c6520636f6e7472c3b46c65206427756e6520656e747265707269736520696d6d6f62696c69c3a87265206c65757220617070617274656e616e742e204174746973616e74206c61206a616c6f75736965206465207365732070616972732c204d69636861656c20c3a9636861707065206465206a7573746573736520c3a020756e20617474656e74617420636f6d6d697320706172206c27756e2064276575782e2056696e63656e742073652070726f706f736520616c6f727320706f75722072657072656e647265206c6573206166666169726573206465206c612066616d696c6c6520656e206d61696e2e, 'USA'),
(57, 'Jackie Brown', 1997, 37, 'Policier', 0x4a61636b69652042726f776e2c2068c3b47465737365206465206c276169722c206172726f6e646974207365732066696e73206465206d6f697320656e20636f6e766f79616e74206465206c27617267656e74206c69717569646520706f7572206c6520636f6d707465206427756e2074726166697175616e7420642761726d65732c204f7264656c6c20526f626269652e20556e206a6f75722c20756e206167656e74206665646572616c20657420756e20706f6c6963696572206465204c6f7320416e67656c6573206c6120637565696c6c656e7420c3a0206c2761c3a9726f706f72742e20496c7320636f6d7074656e742073757220656c6c6520706f757220666169726520746f6d626572206c652074726166697175616e742e204a61636b696520c3a9636861666175646520616c6f727320756e20706c616e2061756461636965757820706f757220646f75626c657220746f7574206c65206d6f6e6465206c6f7273206427756e2070726f636861696e207472616e73666572742071756920706f72746520737572206c61206d6f646573746520736f6d6d652064652063696e712063656e74206d696c6c6520646f6c6c6172732e204d61697320696c206c75692066617564726120636f6d707465722061766563206c657320636f6d706c696365732064274f7264656c6c2c20717569206f6e7420646573206dc3a974686f64657320706c7574c3b47420657870c3a9646974697665732e, 'USA'),
(58, 'Une journée en enfer', 1995, 168, 'Action', 0x4a6f686e204d63436c616e652065737420636574746520666f69732d63692061757820707269736573206176656320756e206d61c3ae747265206368616e746575722c20666163c3a974696575782065742064616e6765726575782c207175692064c3a9706f73652064657320626f6d6265732064616e73204e657720596f726b2e, 'USA'),
(59, 'Sixième sens', 1999, 170, 'Fantastique', 0x436f6c6520536561722c20676172636f6e6e6574206465206875697420616e73206573742068616e74c3a92070617220756e207465727269626c65207365637265742e20536f6e20696d6167696e6169726520657374207669736974c3a920706172206465732065737072697473206d656e6163616e74732e2054726f70206a65756e6520706f757220636f6d7072656e647265206c6520706f757271756f69206465206365732061707061726974696f6e7320657420747261756d61746973c3a9207061722063657320706f75766f69727320706172616e6f726d6175782c20436f6c65207327656e6665726d652064616e7320756e652070657572206d616c6164697665206574206e65207665757420726576656c657220c3a020706572736f6e6e65206c6120636175736520646520736f6e20656e6665726d656d656e742c20c3a0206c27657863657074696f6e206427756e2070737963686f6c6f67756520706f757220656e66616e74732e204c6120726563686572636865206427756e65206578706c69636174696f6e20726174696f6e6e656c6c652067756964657261206c27656e66616e74206574206c65207468c3a972617065757465207665727320756e652076c3a9726974c3a920666f7564726f79616e746520657420696e6578706c696361626c652e, 'USA'),
(60, 'Lost in Translation', 2003, 172, 'Comédie sentimentale', 0x426f62204861727269732c2061637465757220737572206c652064c3a9636c696e2c2073652072656e6420c3a020546f6b796f20706f757220746f756e657220756e2073706f74207075626c69636974616972652e20496c206120636f6e736369656e636520717527696c2073652074726f6d7065202d20696c206465767261697420c3aa747265206368657a206c756920617665632073612066616d696c6c652c206a6f756572206175207468c3a9c3a2747265206f7520656e636f726520636865726368657220756e2072c3b46c652064616e7320756e2066696c6d202d2c206d61697320696c2061206265736f696e206427617267656e742e0d0a4475206861757420646520736f6e2068c3b474656c206465206c7578652c20696c20636f6e74656d706c65206c612076696c6c652c206d616973206e6520766f6974207269656e2e20496c206573742061696c6c657572732c2064c3a974616368c3a920646520746f75742c20696e63617061626c65206465207327696e74c3a96772657220c3a0206c612072c3a9616c6974c3a920717569206c27656e746f7572652c20696e63617061626c6520c3a967616c656d656e7420646520646f726d697220c3a02063617573652064752064c3a963616c61676520686f72616972652e0d0a44616e73206365206dc3aa6d6520c3a97461626c697373656d656e742c20436861726c6f7474652c20756e65206a65756e6520416dc3a972696361696e6520667261c3ae6368656d656e74206469706cc3b46dc3a9652c206163636f6d7061676e6520736f6e206d6172692c2070686f746f677261706865206465206d6f64652e204365206465726e6965722073656d626c65207327696e74c3a972657373657220646176616e7461676520c3a020736f6e207472617661696c20717527c3a02073612066656d6d652e2053652073656e74616e742064c3a96c61697373c3a9652c20436861726c6f747465206368657263686520756e20706575206427617474656e74696f6e2e20456c6c6520766120656e2074726f757665722061757072c3a87320646520426f622e2e2e, 'USA'),
(61, 'Kill Bill', 2003, 37, 'Drame', 0x417520636f757273206427756e652063c3a972c3a96d6f6e6965206465206d61726961676520656e20706c65696e2064c3a9736572742c20756e20636f6d6d616e646f206661697420697272757074696f6e2064616e73206c612063686170656c6c65206574207469726520737572206c657320636f6e76697665732e204c61697373c3a96520706f7572206d6f7274652c206c61204d617269c3a96520656e6365696e746520726574726f75766520736573206573707269747320617072c3a87320756e20636f6d612064652071756174726520616e732e0d0a43656c6c652071756920612061757061726176616e74206578657263c3a9206c657320666f6e6374696f6e732064652074756575736520c3a0206761676573206175207365696e2064752044c3a974616368656d656e7420496e7465726e6174696f6e616c2064657320566970c3a872657320417373617373696e6573206e276120616c6f727320706c757320717527756e65207365756c65206964c3a96520656e2074c3aa7465203a2076656e676572206c61206d6f7274206465207365732070726f6368657320656e20c3a96c696d696e616e7420746f7573206c6573206d656d62726573206465206c276f7267616e69736174696f6e206372696d696e656c6c652c20646f6e74206c65757220636865662042696c6c20717527656c6c652073652072c3a9736572766520706f7572206c612066696e2e, 'USA'),
(62, 'Stalingrad', 2001, 34, 'Drame', '', 'USA'),
(63, 'Million Dollar Baby', 2005, 20, 'Drame', 0x556e6520686973746f697265206427616d6f757220747261676971756520657420706c61746f6e6971756520656e74726520756e6520626f786575736520657420756e20766965696c20656e747261c3ae6e657572206465207472656e746520616e7320736f6e2061c3ae6ec3a92e, 'USA'),
(64, 'Pour quelques dollars de plus', 1965, 219, 'Western', 0x4c6520636f6c6f6e656c20446f75676c6173204d6f7274696d657220636f6c6c61626f7265206176656320756e206368617373657572206465207072696d6573207375726e6f6d6dc3a9204c2722457472616e676572222e20546f7573206c6573206465757820736f7568616974656e7420636170747572657220496e64696f2c20756e20747565757220666f752c207175692073c3a86d65206c612074657272657572206175746f7572206465206c75692e204365206465726e6965722065742073657320686f6d6d657320736f6e7420737572206c6520706f696e742064652070696c6c6572206c612062616e717565206427456c205061736f2e, 'IT');
INSERT INTO `Film` (`id`, `titre`, `annee`, `id_realisateur`, `genre`, `resume`, `code_pays`) VALUES
(67, 'Marie Antoinette', 2006, 1, 'Drame', 0x4261736564206f6e20416e746f6e696120467261736572277320626f6f6b2061626f75742074686520696c6c2d6661746564200d0a094172636864756368657373206f66204175737472696120616e64206c6174657220517565656e206f66204672616e63652c200d0a09274d6172696520416e746f696e65747465272074656c6c73207468652073746f7279206f6620746865206d6f7374200d0a096d6973756e64657273746f6f6420616e642061627573656420776f6d616e20696e20686973746f72792c2066726f6d200d0a0968657220626972746820696e20496d70657269616c204175737472696120746f20686572206c61746572206c69666520696e200d0a094672616e63652e20, 'USA');


INSERT INTO `Internaute` (`email`, `nom`, `prenom`, `mot_de_passe`, `annee_naissance`, `region`) VALUES
('davy@bnf.fr', 'Davy', 'Cécile', '', NULL, 'Basse-Normandie'),
('philippe.rigaux@cnam.fr', 'Rigaux', 'Philippe', '084b8f50602d643c07b06ed385150e2a', 1963, 'Ile-de-France'),
('rigaux@cnam.fr', 'Rigaux', 'Philippe', '', NULL, 'Auvergne'),
('waller@lri.fr', 'Waller', 'Emmanuel', '', NULL, 'Aquitaine');

-- --------------------------------------------------------

-- Contenu de la table `Notation`
--

INSERT INTO `Notation` (`id_film`, `email`, `note`) VALUES
(1, 'davy@bnf.fr', 2),
(2, 'rigaux@cnam.fr', 5),
(3, 'rigaux@cnam.fr', 5),
(4, 'davy@bnf.fr', 1),
(5, 'davy@bnf.fr', 4),
(5, 'waller@lri.fr', 2),
(6, 'davy@bnf.fr', 4),
(7, 'davy@bnf.fr', 4),
(7, 'waller@lri.fr', 5),
(10, 'davy@bnf.fr', 4),
(10, 'waller@lri.fr', 3),
(11, 'waller@lri.fr', 5),
(12, 'waller@lri.fr', 3),
(13, 'rigaux@cnam.fr', 4),
(14, 'davy@bnf.fr', 2),
(14, 'rigaux@cnam.fr', 3),
(17, 'waller@lri.fr', 1),
(18, 'waller@lri.fr', 3),
(19, 'davy@bnf.fr', 3),
(19, 'rigaux@cnam.fr', 2),
(20, 'davy@bnf.fr', 4),
(20, 'rigaux@cnam.fr', 4),
(22, 'davy@bnf.fr', 4),
(22, 'waller@lri.fr', 5),
(24, 'rigaux@cnam.fr', 3),
(24, 'waller@lri.fr', 2),
(25, 'davy@bnf.fr', 5),
(27, 'waller@lri.fr', 4),
(28, 'davy@bnf.fr', 2),
(30, 'waller@lri.fr', 3),
(31, 'waller@lri.fr', 3),
(33, 'davy@bnf.fr', 5),
(37, 'davy@bnf.fr', 3),
(38, 'davy@bnf.fr', 3),
(40, 'davy@bnf.fr', 2),
(41, 'davy@bnf.fr', 3),
(41, 'rigaux@cnam.fr', 5),
(43, 'rigaux@cnam.fr', 2),
(44, 'davy@bnf.fr', 1),
(44, 'waller@lri.fr', 4),
(45, 'davy@bnf.fr', 3),
(45, 'rigaux@cnam.fr', 3),
(47, 'waller@lri.fr', 2),
(51, 'davy@bnf.fr', 5),
(52, 'davy@bnf.fr', 5),
(53, 'davy@bnf.fr', 2),
(54, 'rigaux@cnam.fr', 5),
(58, 'davy@bnf.fr', 3),
(58, 'waller@lri.fr', 2),
(61, 'davy@bnf.fr', 3),
(61, 'rigaux@cnam.fr', 4);

-- --------------------------------------------------------


--
-- Contenu de la table `Pays`
--

INSERT INTO `Pays` (`code`, `nom`, `langue`) VALUES
('DE', 'Allemagne', 'Allemand'),
('FR', 'France', 'Français'),
('GB', 'Royaume-Uni', 'Anglais'),
('IT', 'Italie', 'Italien'),
('JP', 'Japon', 'Japonais'),
('USA', 'Etats Unis', 'Anglais');

-- --------------------------------------------------------


--
-- Contenu de la table `Role`
--

INSERT INTO `Role` (`id_film`, `id_acteur`, `nom_role`) VALUES
(1, 15, 'John Ferguson'),
(1, 16, 'Madeleine Elster'),
(2, 5, 'Ripley'),
(3, 109, 'Rose DeWitt Bukater'),
(3, 110, 'Jack Dawson'),
(5, 11, 'Sean Archer/Castor Troy'),
(5, 12, 'Castor Troy/Sean Archer'),
(6, 14, 'Constable Ichabod Crane'),
(6, 96, 'Katrina Anne Van Tassel'),
(6, 97, 'Le cavalier'),
(7, 18, 'Lester Burnham'),
(7, 19, 'Carolyn Burnham'),
(8, 20, 'William Munny'),
(8, 21, 'Little Bill Dagget'),
(8, 22, 'Ned Logan'),
(9, 23, 'Maximus'),
(9, 147, 'Commode'),
(9, 148, 'Lucilla'),
(9, 149, 'Marc Aurele'),
(10, 24, 'Deckard'),
(10, 25, 'Batty'),
(11, 27, 'McClane'),
(12, 27, 'McClane'),
(13, 30, 'Van Gogh'),
(14, 18, 'Doe'),
(14, 22, 'Somerset'),
(14, 32, 'Mills'),
(15, 27, 'Cole'),
(16, 35, 'Baskerville'),
(16, 36, 'de Melk'),
(17, 11, 'Vincent Vega'),
(17, 27, 'Butch Coolidge'),
(17, 37, 'Jimmy Dimmick'),
(17, 38, 'Jules Winnfield'),
(17, 39, 'Jody'),
(17, 40, 'Mia Wallace'),
(17, 97, 'Capt. Koons'),
(17, 98, 'Winston "The Wolf" Wolfe'),
(17, 99, 'Pumpkin (Ringo)'),
(18, 42, 'Mary Jensen Matthews'),
(18, 43, 'Pat Healy'),
(19, 44, 'Terminator'),
(20, 46, 'Martin Brody'),
(20, 47, 'Quint'),
(20, 48, 'Matt Hooper'),
(21, 50, 'Dr. Hannibal Lecter'),
(21, 51, 'Clarice Starling'),
(22, 59, 'Dr. Nikos Tatopoulos'),
(22, 60, 'Philippe Roaché'),
(23, 62, 'Neo'),
(23, 63, 'Morpheus'),
(24, 60, 'Franz Krieger'),
(24, 65, 'Ethan Hunt'),
(24, 66, 'Jim Phelps'),
(24, 67, 'Claire Phelps'),
(26, 20, 'Luther Whitney'),
(26, 21, 'Le président Richmond'),
(26, 69, 'Seth Frank'),
(27, 72, 'Inspecteur Cruchot'),
(27, 73, 'Adjudant Gerber'),
(28, 57, 'Dr. Ian Malcolm'),
(29, 65, 'Charlie Babbitt'),
(29, 80, 'Raymond Babbitt'),
(30, 53, 'Iceman'),
(30, 65, 'Lt. Pete ''Maverick'' Mitchell'),
(30, 82, 'Charlotte Blackwood'),
(31, 75, 'Nathalie Morin'),
(31, 76, 'Christiane'),
(31, 84, 'Jean-Claude Dus'),
(31, 85, 'Jérôme'),
(31, 86, 'Popeye'),
(32, 20, ''),
(33, 88, 'Bates'),
(33, 89, 'Lila Crane'),
(33, 90, 'Marion Crane'),
(34, 24, 'Han Solo'),
(34, 92, 'Luke Skywalker'),
(34, 93, 'Princesse Leia'),
(35, 94, 'Mitch Brenner'),
(35, 95, 'Melanie Daniels'),
(36, 37, 'Mr. Brown'),
(36, 98, 'Mr. White/Larry'),
(36, 99, 'Freddy Newendyke/Mr. Orange'),
(36, 100, 'Nice Guy Eddie'),
(36, 215, 'Mr Blonde'),
(36, 217, 'Mr Pink'),
(36, 218, 'Mr Blue'),
(37, 65, 'Docteur William "Bill" Harford'),
(37, 102, 'Alice Harford'),
(38, 103, 'Jack Torrance'),
(39, 35, '\n                       Mark R'),
(39, 95, 'Marnie Edgar'),
(41, 105, 'Roger O. Thornhill'),
(41, 106, 'Eve Kendall'),
(41, 107, 'Philipp Vandamm'),
(42, 80, ''),
(42, 112, 'Jeanne d''Arc'),
(42, 113, 'Yolande d''Aragon'),
(42, 114, 'Charles VII'),
(42, 115, 'Dunois'),
(43, 27, 'Major Korben Dalla'),
(43, 112, 'Leeloo'),
(43, 116, 'Jean-Baptiste Emmanuel Zorg'),
(43, 117, 'Vito Cornelius'),
(44, 60, 'Léon'),
(44, 116, 'Norman Stansfield'),
(44, 118, 'Mathilda'),
(45, 115, 'Bob'),
(45, 119, 'Nikita'),
(45, 120, 'Marco'),
(46, 39, 'Johanna'),
(46, 60, 'Enzo Molinari'),
(46, 121, 'Jacques Mayol'),
(47, 124, 'Spider-Man'),
(47, 125, 'Norman Osborn'),
(47, 126, 'Mary Jane Watson'),
(47, 127, 'Oncle Ben'),
(47, 128, 'Tante May'),
(48, 63, 'Jimmy Jump'),
(48, 97, 'Frank White'),
(48, 124, 'Thomas Flanigan'),
(48, 131, 'Dennis Gilley'),
(48, 132, 'Thomas Flanigan'),
(48, 217, 'Test tube'),
(49, 62, 'Neo'),
(49, 63, 'Morpheus'),
(49, 210, 'Trinity'),
(49, 211, 'Agent Smith'),
(50, 62, 'Neo'),
(50, 63, 'Morpheus'),
(50, 134, 'Agent Smith'),
(50, 136, 'Trinity'),
(50, 137, 'L''Oracle'),
(51, 139, 'Marcel'),
(51, 140, 'Enseignante'),
(51, 141, 'Bruno'),
(52, 18, 'Roger "Verbal" Kint'),
(52, 143, 'Micheal McManus'),
(52, 144, 'Dean Keaton'),
(52, 145, 'Fred Fenster'),
(52, 146, 'Todd Hockney'),
(53, 98, 'Le lieutenant'),
(54, 151, 'Don Vito Corleone'),
(54, 152, 'Micheal'),
(54, 153, 'Sonny'),
(54, 154, 'Tom Hagen'),
(54, 155, 'Kay Adams'),
(57, 167, 'Luis Gara'),
(57, 168, 'Jackie Brown'),
(57, 169, 'Melanie'),
(57, 170, 'Ray Nicolette'),
(57, 212, 'Ordell Robbie'),
(58, 27, 'McClane'),
(58, 38, 'Zeus Carver'),
(58, 169, 'Simon Gruber'),
(59, 27, 'Malcom Crowe'),
(59, 171, 'Cole Sear'),
(60, 173, 'Bob Harris'),
(60, 174, 'Charlotte'),
(60, 175, 'John'),
(60, 176, 'Kelly'),
(60, 177, 'Patron Nightclub'),
(61, 40, 'La mariée, alias "Black Mamba"'),
(61, 213, 'O-Ren Ishii'),
(61, 214, 'Bill'),
(61, 215, 'Budd / Sidewinder'),
(61, 216, 'Elle Driver'),
(62, 182, 'Vassili Zaïtzev'),
(62, 183, 'major König'),
(63, 20, 'Frankie Dunn'),
(63, 22, 'Eddie Scrap-Iron Dupris'),
(63, 224, 'Maggie Fitzerald'),
(67, 2, 'Marie Antoinette');
